"VaR","Mean_Exceedance","Var_Exceedance","Kupiec_LRstat","Kupiec_pvalue","Kupiec_decision","Christoffersen_LRstat","Christoffersen_pvalue","Christoffersen_decision"
"VaR95",0.0494296577946768,0.0471657040025543,0.00180760579805052,0.966087398920116,"Fail to Reject H0",1.35985466985197,0.506653807064392,"Fail to Reject H0"
"VaR99",0.0228136882129278,0.0223783124836734,3.20111520193231,0.0735880753451126,"Fail to Reject H0",3.48239095679831,0.175310695143606,"Fail to Reject H0"
"EVaR95",0.0988593155893536,0.0894261747888425,10.4196057141716,0.00124684511187256,"Reject H0",10.5004659762818,0.00524629593204096,"Reject H0"
"EVaR99",0.0342205323193916,0.0331756305691813,9.56146307332874,0.00198704675935935,"Reject H0",10.2019143949755,0.00609091356713065,"Reject H0"
"CVaR95",0.0152091254752852,0.0150349751835835,9.11005460499865,0.00254208284041824,"Reject H0",9.2340905821208,0.0098819512571372,"Reject H0"
"CVaR99",0,0,1.33621540452154,0.247702493550061,"Fail to Reject H0",1.34387825851879,0.510717270158515,"Fail to Reject H0"
