"VaR","Mean_Exceedance","Var_Exceedance","Kupiec_LRstat","Kupiec_pvalue","Kupiec_decision","Christoffersen_LRstat","Christoffersen_pvalue","Christoffersen_decision"
"VaR95",0.0494296577946768,0.0471657040025543,0.00180760579805052,0.966087398920116,"Fail to Reject H0",1.35985466985197,0.506653807064392,"Fail to Reject H0"
"VaR99",0.0228136882129278,0.0223783124836734,3.20111520193231,0.0735880753451126,"Fail to Reject H0",3.48239095679831,0.175310695143606,"Fail to Reject H0"
"EVaR95",0.106463878326996,0.095492409949787,13.5244789732342,0.000235471754859162,"Reject H0",13.5245033697373,0.00115662189160504,"Reject H0"
"EVaR99",0.0342205323193916,0.0331756305691813,9.56146307332874,0.00198704675935935,"Reject H0",10.2019143949755,0.00609091356713065,"Reject H0"
"CVaR95",0.0342205323193916,0.0331756305691813,1.5430035848119,0.214171280722275,"Fail to Reject H0",2.18345490645868,0.335636196801109,"Fail to Reject H0"
"CVaR99",0.0038022813688213,0.00380228136882132,1.33621540452154,0.247702493550061,"Fail to Reject H0",1.34387825851879,0.510717270158515,"Fail to Reject H0"
